<?xml version="1.0"?>
<config xmlns:xsi="http://www.w3.org/2001/XMLSchema-instance"
        xsi:noNamespaceSchemaLocation="urn:magento:framework:Api/etc/extension_attributes.xsd">
    <extension_attributes for="Magento\Sales\Api\Data\InvoiceItemInterface">
        <attribute code="tax_labels" type="string"/>
    </extension_attributes>
    <extension_attributes for="Magento\Sales\Api\Data\CreditmemoItemInterface">
        <attribute code="tax_labels" type="string"/>
    </extension_attributes>
    <extension_attributes for="Magento\Sales\Api\Data\InvoiceItemInterface">
        <attribute code="mtv_data" type="string"/>
    </extension_attributes>
    <extension_attributes for="Magento\Sales\Api\Data\CreditmemoItemInterface">
        <attribute code="mtv_data" type="string"/>
    </extension_attributes>
    <extension_attributes for="Magento\Sales\Api\Data\InvoiceInterface">
        <attribute code="invoice_zra_data" type="string"/>
    </extension_attributes>
    <extension_attributes for="Magento\Sales\Api\Data\CreditmemoInterface">
        <attribute code="invoice_zra_data" type="string"/>
    </extension_attributes>
    <extension_attributes for="Magento\Sales\Api\Data\CreditmemoItemInterface">
        <attribute code="tax_labels" type="string"/>
    </extension_attributes>
</config>
