<?xml version="1.0"?>
<config xmlns:xsi="http://www.w3.org/2001/XMLSchema-instance"
        xsi:noNamespaceSchemaLocation="urn:magento:module:Magento_Cron:etc/crontab.xsd">
    <group id="default">
        <job name="sync_invoice_to_zra" instance="Wasoko\ZRAIntegration\Cron\SyncInvoiceToZra" method="execute">
            <schedule>0 */2 * * *</schedule>
        </job>
        <job name="synz_memo_to_zra" instance="Wasoko\ZRAIntegration\Cron\SyncMemoToZra" method="execute">
            <schedule>0 */2 * * *</schedule>
        </job>
    </group>
</config>
