<?xml version="1.0" ?>
<schema xmlns:xsi="http://www.w3.org/2001/XMLSchema-instance"
        xsi:noNamespaceSchemaLocation="urn:magento:framework:Setup/Declaration/Schema/etc/schema.xsd">
    <table name="sales_invoice">
        <column xsi:type="int" name="zra_is_synced" nullable="true" default="0" comment="Is synced with ZRA?"/>
        <column xsi:type="varchar" length="255" name="zra_tpin" comment="ZRA TPIN"/>
        <column xsi:type="varchar" length="255" name="zra_vefdtime" comment="ZRA Vef date time"/>
        <column xsi:type="varchar" length="255" name="zra_terminal_id" comment="ZRA Terminal ID"/>
        <column xsi:type="varchar" length="255" name="zra_invoice_code" comment="ZRA Invoice Code"/>
        <column xsi:type="varchar" length="255" name="zra_fiscal_code" comment="ZRA Fiscal Code"/>
        <column xsi:type="varchar" length="255" name="zra_invoice_number" comment="ZRA Invoice Number"/>
    </table>

    <table name="sales_creditmemo">
        <column xsi:type="int" name="zra_is_synced" nullable="true" default="0" comment="Is synced with ZRA?"/>
        <column xsi:type="varchar" length="255" name="zra_tpin" comment="ZRA TPIN"/>
        <column xsi:type="varchar" length="255" name="zra_vefdtime" comment="ZRA Vef date time"/>
        <column xsi:type="varchar" length="255" name="zra_terminal_id" comment="ZRA Terminal ID"/>
        <column xsi:type="varchar" length="255" name="zra_invoice_code" comment="ZRA Invoice Code"/>
        <column xsi:type="varchar" length="255" name="zra_fiscal_code" comment="ZRA Fiscal Code"/>
        <column xsi:type="varchar" length="255" name="zra_invoice_number" comment="ZRA Invoice Number"/>
    </table>

    <table name="wasoko_zraintegration_invoice" resource="default" engine="innodb" comment="wasoko_zraintegration_invoice Table">
        <column xsi:type="int" name="id" padding="10" unsigned="true" nullable="false" identity="true" comment="Entity Id"/>
        <constraint xsi:type="primary" referenceId="PRIMARY">
            <column name="id"/>
        </constraint>
        <column name="entity_id" nullable="true" xsi:type="int" comment="Entity ID"/>
        <column name="entity_type" nullable="true" xsi:type="text" comment="Entity Type"/>
        <column name="response_error" nullable="true" xsi:type="text" comment="ZRA Response"/>
        <column name="response_code" nullable="true" xsi:type="text" comment="ZRA Response"/>
        <column name="response_request" nullable="true" xsi:type="text" comment="ZRA Response"/>
        <column name="boomi_zra_response" nullable="true" xsi:type="text" comment="ZRA Response"/>
    </table>

</schema>
