<?xml version="1.0"?>
<config xmlns:xsi="http://www.w3.org/2001/XMLSchema-instance"
        xsi:noNamespaceSchemaLocation="urn:magento:framework:Api/etc/extension_attributes.xsd">
    <extension_attributes for="Magento\Sales\Api\Data\InvoiceItemInterface">
        <attribute code="tax_labels" type="string"/>
    </extension_attributes>
    <extension_attributes for="Magento\Sales\Api\Data\CreditmemoItemInterface">
        <attribute code="tax_labels" type="string"/>
    </extension_attributes>
    <extension_attributes for="Magento\Sales\Api\Data\InvoiceItemInterface">
        <attribute code="is_mtv" type="string"/>
    </extension_attributes>
    <extension_attributes for="Magento\Sales\Api\Data\CreditmemoItemInterface">
        <attribute code="is_mtv" type="string"/>
    </extension_attributes>
</config>
