<?xml version="1.0" ?>
<schema xmlns:xsi="http://www.w3.org/2001/XMLSchema-instance"
        xsi:noNamespaceSchemaLocation="urn:magento:framework:Setup/Declaration/Schema/etc/schema.xsd">
    <table name="pradeeptoptal_weatherreport_report" resource="default" engine="innodb"
           comment="Weather report Table">
        <column xsi:type="int" name="report_id" padding="6" unsigned="true" nullable="false" identity="true"
                comment="Report Id"/>
        <column xsi:type="json" name="report_data" nullable="false" comment="Report Data"/>
        <column xsi:type="varchar" name="report_city" nullable="false" comment="Report Data" length="255"/>
        <column xsi:type="varchar" name="report_country" nullable="false" comment="Report Country" length="5"/>
        <column xsi:type="datetime" name="report_date" nullable="false" comment="Report Data"
                default="CURRENT_TIMESTAMP"/>
        <constraint xsi:type="primary" referenceId="PRIMARY">
            <column name="report_id"/>
        </constraint>
        <index referenceId="WEATHER_REPORT_CITY_NAME" indexType="btree">
            <column name="report_city"/>
        </index>
        <index referenceId="WEATHER_REPORT_COUNTRY_NAME" indexType="btree">
            <column name="report_country"/>
        </index>
        <index referenceId="WEATHER_REPORT_DATETIME" indexType="btree">
            <column name="report_date"/>
        </index>
    </table>
</schema>
